verb,prep,freqNoun,freqVerb,freqComb
ПРОДОЛЖИТЬ,,778604,426194,22507
БЫТЬ,,778604,16504392,16857
ПРОЙТИ,,778604,1295429,15215
НАЙТИ,,778604,1914932,15210
ИСКАТЬ,,778604,819203,13972
ПРОДЕЛАТЬ,,778604,85819,13452
ДЕРЖАТЬ,,778604,843121,12899
ПРОДОЛЖАТЬ,,778604,644375,12066
ВЫБРАТЬ,,778604,575313,10391
ЛЕЖАТЬ,,778604,1213074,9760
ОТКРЫТЬ,,778604,1671035,7990
ПРЕГРАДИТЬ,,778604,18819,6573
УКАЗАТЬ,,778604,634172,5783
ПРОКЛАДЫВАТЬ,,778604,19801,5538
ПРОЛОЖИТЬ,,778604,56564,5481
ЗНАТЬ,,778604,1470177,5438
ПРОХОДИТЬ,,778604,938511,5405
ИЗБРАТЬ,,778604,238098,4880
УКАЗЫВАТЬ,,778604,211982,4795
ПРЕДСТОЯТЬ,,778604,97438,4637
ОТКРЫВАТЬ,,778604,309305,4557
ПРЕГРАЖДАТЬ,,778604,10213,4030
ВЫБИРАТЬ,,778604,192604,3956
ОТРЕЗАТЬ,,778604,161782,3780
ВИДЕТЬ,,778604,1971171,3607
НАХОДИТЬ,,778604,352769,3425
ПРОЛЕГАТЬ,,778604,18681,3403
ИДТИ,,778604,2732778,3217
НАМЕТИТЬ,,778604,90364,2936
ВЕСТИ,,778604,907360,2889
ПОКАЗАТЬ,,778604,1076177,2465
ПРОСЛЕДИТЬ,,778604,55560,2441
ПЕРЕКРЫТЬ,,778604,84714,2438
РАСЧИСТИТЬ,,778604,21052,2035
ОБСУДИТЬ,,778604,257681,2024
ОПРЕДЕЛИТЬ,,778604,398404,1985
СРЕЗАТЬ,,778604,44992,1957
ОСВЕЩАТЬ,,778604,55590,1904
НАСЛАТЬ,,778604,382505,1832
ОТЫСКАТЬ,,778604,146331,1822
НАЧИНАТЬСЯ,,778604,374294,1813
СОКРАТИТЬ,,778604,108316,1628
ОТКРЫВАТЬСЯ,,778604,182431,1615
РАСЧИЩАТЬ,,778604,10429,1509
ПОВТОРИТЬ,,778604,298378,1458
ОТКРЫТЬСЯ,,778604,348975,1432
НАЧИНАТЬ,,778604,227086,1384
ПРЕОДОЛЕТЬ,,778604,109414,1376
НАЧАТЬ,,778604,573876,1375
ОКАЗАТЬСЯ,,778604,1813169,1335
ПОКАЗЫВАТЬ,,778604,385626,1321
ЗАКРЫТЬ,,778604,808573,1297
УВИДЕТЬ,,778604,1503676,1237
СУЩЕСТВОВАТЬ,,778604,667956,1190
СЛЕДОВАТЬ,,778604,314058,1160
ПЕРЕРЕЗАТЬ,,778604,46404,1123
ПРЕДЛАГАТЬ,,778604,379415,1114
РАЗОЙТИСЬ,,778604,73092,1040
ОПРЕДЕЛЯТЬ,,778604,239562,1034
НАЧАТЬСЯ,,778604,875770,1033
ПРИГОТОВИТЬ,,778604,167771,974
ИМЕТЬ,,778604,4883454,962
ПРОДЕЛЫВАТЬ,,778604,13371,925
ПРЕДЛОЖИТЬ,,778604,622690,912
ПОВТОРЯТЬ,,778604,111150,860
ОТМЕТИТЬ,,778604,1263077,851
ПЕРЕСЕЧЬ,,778604,168190,842
ПОЖЕЛАТЬ,,778604,46929,841
СОВЕРШИТЬ,,778604,613907,810
ЗАКАЗАТЬ,,778604,166018,804
ЗАНЯТЬ,,778604,593852,748
ПЕРЕСЕКАТЬ,,778604,68831,720
ПЕРЕСЕКАТЬСЯ,,778604,15220,714
ЗАКРЫВАТЬ,,778604,175697,712
НАЩУПАТЬ,,778604,82029,711
ПЕРЕКРЫВАТЬ,,778604,25671,710
НАПРАВИТЬ,,778604,892815,705
ПЕРЕСЕЧЬСЯ,,778604,5626,702
ЯВЛЯТЬСЯ,,778604,3365085,685
ОПИСАТЬ,,778604,281655,679
ПОЙТИ,,778604,1160508,666
ПОДГОТОВИТЬ,,778604,356423,662
ХОДИТЬ,,778604,681808,658
ОБОЗНАЧИТЬ,,778604,103287,655
ИЗБИРАТЬ,,778604,14193,654
ПЕРЕГОРОДИТЬ,,778604,10276,647
СОКРАЩАТЬ,,778604,31283,631
ИСПОЛЬЗОВАТЬ,,778604,1431705,628
РАССМОТРЕТЬ,,778604,325472,626
СОВЕРШАТЬ,,778604,236388,613
ОСТАВАТЬСЯ,,778604,851043,602
ОСВЕТИТЬ,,778604,83269,595
БЛОКИРОВАТЬ,,778604,71966,574
ОБСУЖДАТЬ,,778604,159325,567
НАЩУПЫВАТЬ,,778604,9581,564
НАМЕЧАТЬ,,778604,7092,556
ПОДСКАЗАТЬ,,778604,71321,542
ЗАКОНЧИТЬ,,778604,392432,541
ОСВОБОДИТЬ,,778604,229625,527
СХОДИТЬСЯ,,778604,47115,508
ИЗМЕНИТЬ,,778604,360414,490
РАЗВЕДАТЬ,,778604,8337,488
РАСХОДИТЬСЯ,,778604,53788,487
УЗНАТЬ,,778604,696691,486
ОКОНЧИТЬ,,778604,162006,480
ОСТАВИТЬ,,778604,840269,479
ОТМЕЧАТЬ,,778604,430086,459
ОЧИСТИТЬ,,778604,115774,454
ВЫДЕРЖАТЬ,,778604,246706,448
ГОТОВИТЬ,,778604,291402,444
ЗАГОРОДИТЬ,,778604,11731,439
НАЗЫВАТЬСЯ,,778604,269560,434
НАХОДИТЬСЯ,,778604,2661082,431
ЗАКОНЧИТЬСЯ,,778604,228914,429
ЗАВЕРШИТЬ,,778604,249424,429
ПРОЛАГАТЬ,,778604,798,427
ИЗУЧИТЬ,,778604,132969,426
КОНТРОЛИРОВАТЬ,,778604,133395,425
ПОЗНАТЬ,,778604,57487,420
ПРЕДСТАВЛЯТЬ,,778604,614293,417
ОСТАТЬСЯ,,778604,1167779,416
СОСТОЯТЬ,,778604,473553,409
ПРЕДПОЧЕСТЬ,,778604,50977,406
ПЕРЕХОДИТЬ,,778604,245114,404
ПРОДОЛЖАТЬСЯ,,778604,240099,398
ПОВРЕДИТЬ,,778604,130235,392
РАЗОБРАТЬ,,778604,66383,390
НАЗВАТЬ,,778604,806830,386
РАЗРУШИТЬ,,778604,160318,384
ИЗУЧАТЬ,,778604,238995,383
ВЗЯТЬ,,778604,2235567,382
ЗАГОРАЖИВАТЬ,,778604,10316,379
ПРОБИВАТЬ,,778604,23741,377
ПОТЕРЯТЬ,,778604,802609,369
ПРОСЛЕЖИВАТЬ,,778604,4013,368
ОДОЛЕТЬ,,778604,41235,367
СДЕЛАТЬ,,778604,2688427,365
ПРЕДПОЧИТАТЬ,,778604,131622,356
ОПИСЫВАТЬ,,778604,102677,349
ЖЕЛАТЬ,,778604,120869,348
ПОЛУЧИТЬ,,778604,3281968,348
ОБЕСПЕЧИТЬ,,778604,370722,347
ПРЕОДОЛЕВАТЬ,,778604,35629,332
ОХРАНЯТЬ,,778604,60568,332
ПРОБИТЬ,,778604,107524,332
ВОССТАНОВИТЬ,,778604,205968,328
ЗАБЛОКИРОВАТЬ,,778604,66347,326
МОЧЬ,,778604,850912,322
УГОТОВАТЬ,,778604,22746,316
ПОДСКАЗЫВАТЬ,,778604,33776,313
ИСПРАВИТЬ,,778604,50207,309
ИССЛЕДОВАТЬ,,778604,94839,307
ПРИВЕСТИ,,778604,919531,306
ОБСУЖДАТЬСЯ,,778604,93340,305
ОБНАРУЖИТЬ,,778604,995635,303
УСЕЯТЬ,,778604,49088,301
РАССМАТРИВАТЬ,,778604,303388,299
ДАТЬ,,778604,1104316,298
ДАВАТЬ,,778604,1254195,296
ВОЗОБНОВИТЬ,,778604,90028,295
СОЗДАТЬ,,778604,1371673,295
СЧИТАТЬ,,778604,1388621,293
ПОСТРОИТЬ,,778604,583313,285
ПРЕДСТАВИТЬ,,778604,1185156,284
ОЗНАЧАТЬ,,778604,257761,281
ПОКАЗАТЬСЯ,,778604,349480,280
СТАНОВИТЬСЯ,,778604,695686,278
ПОИСКАТЬ,,778604,68200,276
ОБОЗНАЧАТЬ,,778604,67610,276
ОБРЕСТИ,,778604,204965,274
ПРОДУМАТЬ,,778604,27975,274
ОБЛЕГЧИТЬ,,778604,39488,270
ЗАКАНЧИВАТЬСЯ,,778604,110531,269
ПРОЛЕЧЬ,,778604,10371,269
КОНЧИТЬ,,778604,48488,269
ПРОТОРИТЬ,,778604,1300,267
ДОСТИЧЬ,,778604,590710,264
ПОМНИТЬ,,778604,224087,260
ЗАБИТЬ,,778604,109201,257
ЗАВЕРШИТЬСЯ,,778604,176023,257
ЗАПОМНИТЬ,,778604,53074,256
ВЗОРВАТЬ,,778604,71682,253
ПЕРЕГОРАЖИВАТЬ,,778604,5104,250
УСТАНОВИТЬ,,778604,1088052,249
ИЗЫСКИВАТЬ,,778604,3950,248
КАЗАТЬСЯ,,778604,318126,246
РАЗРАБОТАТЬ,,778604,438620,245
ОТСЛЕДИТЬ,,778604,9273,244
ЗАКЛЮЧАТЬСЯ,,778604,267094,244
ОТСЛЕЖИВАТЬ,,778604,30452,242
ВСПОМНИТЬ,,778604,471977,242
СОДЕРЖАТЬ,,778604,449675,241
ОБЕСПЕЧИВАТЬ,,778604,444294,241
ИМЕТЬСЯ,,778604,559835,241
КОНЧАТЬСЯ,,778604,55141,240
ПРОВЕРИТЬ,,778604,265080,239
СМОТРЕТЬ,,778604,1826817,237
ВЕДАТЬ,,778604,36641,237
ДЕЛАТЬ,,778604,1265891,235
ПРИНЯТЬ,,778604,2446695,234
ОТЫСКИВАТЬ,,778604,13115,233
ОБЛЕГЧАТЬ,,778604,34485,232
ОСТАВЛЯТЬ,,778604,318436,230
ОЧИЩАТЬ,,778604,45372,229
ПРЕРВАТЬ,,778604,186538,229
ПОНЯТЬ,,778604,523934,228
ПОДХОДИТЬ,,778604,383302,225
НАПРАВЛЯТЬ,,778604,81627,223
НАМЕЧАТЬСЯ,,778604,18888,220
ПОСТИЧЬ,,778604,41625,218
ПРЕДУСМОТРЕТЬ,,778604,288804,218
ЗАБЫТЬ,,778604,331942,217
ОПРЕДЕЛЯТЬСЯ,,778604,177807,214
ДЕРЖАТЬСЯ,,778604,220653,209
ПРИДЕРЖИВАТЬСЯ,,778604,86172,208
ЗАНИМАТЬ,,778604,424637,208
ИЗОБРАЗИТЬ,,778604,310391,208
ВЫМОСТИТЬ,,778604,12416,207
ПРОПИСАТЬ,,778604,66019,204
РАЗВЕДЫВАТЬ,,778604,1611,203
БЫВАТЬ,,778604,361586,201
ОБНОВЛЯТЬ,,778604,10785,201
НАЙТИСЬ,,778604,196855,201
РАССЧИТАТЬ,,778604,204535,200
НАЗЫВАТЬ,,778604,535788,199
ЛЮБИТЬ,,778604,950738,195
УСЫПАТЬ,,778604,35264,195
ПРОВЕРЯТЬ,,778604,120873,194
УСТЛАТЬ,,778604,13880,192
СВЯЗАТЬ,,778604,1362256,191
ВЫРАБОТАТЬ,,778604,59690,190
УКАЗЫВАТЬСЯ,,778604,66602,189
ЖДАТЬ,,778604,793831,189
УДЛИНЯТЬ,,778604,3180,188
СОЗДАВАТЬ,,778604,440892,188
ТОРИТЬ,,778604,1442,186
ПОКИНУТЬ,,778604,535644,186
ОБДУМЫВАТЬ,,778604,24869,185
ТЯНУТЬСЯ,,778604,177858,182
СКРЕЩИВАТЬСЯ,,778604,2279,179
ВЫЯВИТЬ,,778604,222645,178
ПРЕДОПРЕДЕЛИТЬ,,778604,19423,173
ЗАСТУПИТЬ,,778604,10912,173
СИМВОЛИЗИРОВАТЬ,,778604,42720,172
ПРОКЛАДЫВАТЬСЯ,,778604,2316,171
ХРАНИТЬ,,778604,169700,170
ОСВОБОЖДАТЬ,,778604,39310,169
НАПОМИНАТЬ,,778604,393540,169
УСТИЛАТЬ,,778604,4925,166
ПРИКРЫВАТЬ,,778604,61262,165
ПОСВЯТИТЬ,,778604,344349,165
ПРЕДНАЧЕРТАТЬ,,778604,4703,164
ПРИВОДИТЬ,,778604,457302,161
СТРОИТЬ,,778604,212559,161
НАЧЕРТАТЬ,,778604,24706,161
РАЗБИРАТЬ,,778604,39479,159
ПЕРЕЙТИ,,778604,445514,158
ПОПАСТЬ,,778604,980276,157
ОТВЕРГНУТЬ,,778604,68670,157
ПОНИМАТЬ,,778604,394627,156
ПРИКИНУТЬ,,778604,24886,156
ПРОЧЕРТИТЬ,,778604,11339,155
СООТВЕТСТВОВАТЬ,,778604,432049,155
СОЙТИСЬ,,778604,59650,154
ПЕРЕХВАТИТЬ,,778604,114892,154
ПРЕДЛАГАТЬСЯ,,778604,69678,153
МЕНЯТЬ,,778604,186175,151
ЗАГРАЖДАТЬ,,778604,1016,150
СОХРАНИТЬ,,778604,287776,150
ТРОНУТЬСЯ,,778604,88762,150
ПРОРУБАТЬ,,778604,2009,149
СОСТАВЛЯТЬ,,778604,443838,147
СТАТЬ,,778604,686138,146
ПРОЕХАТЬ,,778604,85942,146
РАССМАТРИВАТЬСЯ,,778604,94599,144
ПРОДУМЫВАТЬ,,778604,5270,143
ПРЕДПОЛАГАТЬ,,778604,198525,142
ДЕМОНТИРОВАТЬ,,778604,14073,141
ПОЛЬЗОВАТЬСЯ,,778604,487486,139
ОСВОИТЬ,,778604,51945,137
УЧИТЬ,,778604,125474,136
ВЫЯСНИТЬ,,778604,70009,135
ДВИГАТЬСЯ,,778604,296744,133
КУПИТЬ,,778604,775243,132
ИСПОЛЬЗОВАТЬСЯ,,778604,439186,129
ОТВЕРГАТЬ,,778604,40543,129
ПРИДУМАТЬ,,778604,161541,129
ОСИЛИТЬ,,778604,5549,128
РАЗРУШАТЬ,,778604,46327,128
ОРГАНИЗОВАТЬ,,778604,478822,127
ПРОВЕСТИ,,778604,1720693,126
СПРЯМИТЬ,,778604,641,125
ДОБИРАТЬСЯ,,778604,40873,124
УХОДИТЬ,,778604,342887,123
УСТУПАТЬ,,778604,103389,123
ЗАТРУДНЯТЬ,,778604,21565,123
ПОЯВИТЬСЯ,,778604,1712736,123
СКАЧАТЬ,,778604,125875,122
РЕШИТЬ,,778604,472473,122
ПРОТЯНУТЬСЯ,,778604,25521,121
ОТРАЖАТЬ,,778604,118809,121
ПРИЙТИ,,778604,550519,120
ПРОАНАЛИЗИРОВАТЬ,,778604,53379,120
ОБРАЗОВАТЬ,,778604,248958,120
ОЗАРЯТЬ,,778604,9871,120
ОСЛОЖНЯТЬ,,778604,10189,120
ОПИСЫВАТЬСЯ,,778604,36666,119
ПОДОРВАТЬ,,778604,38532,119
УГОТОВИТЬ,,778604,4027,118
УДЛИНИТЬ,,778604,4621,118
ПЫТАТЬСЯ,,778604,50986,118
ЗАГРАДИТЬ,,778604,1416,117
ОБОРВАТЬСЯ,,778604,26952,117
ВЫЧИСЛИТЬ,,778604,26812,116
ВВЕСТИ,,778604,561530,115
ЗАДАВАТЬ,,778604,175128,115
ВОССТАНАВЛИВАТЬ,,778604,44591,114
ЗАЩИЩАТЬ,,778604,152032,114
ЗАВАЛИТЬ,,778604,97948,114
ХОТЕТЬ,,778604,569716,113
ОТРЕМОНТИРОВАТЬ,,778604,20693,112
ДЕЙСТВОВАТЬ,,778604,382299,111
ОБОСНОВАТЬ,,778604,28989,111
ТРЕБОВАТЬ,,778604,688059,111
ЗАВЕРШАТЬ,,778604,34903,111
РАСПОЛОЖИТЬ,,778604,794668,111
ПРЕДНАЗНАЧИТЬ,,778604,434100,110
ЗАПОМИНАТЬ,,778604,17200,109
СЛУЖИТЬ,,778604,586125,109
НАНЕСТИ,,778604,395822,108
ТЕРЯТЬ,,778604,355187,108
ВКЛЮЧАТЬ,,778604,299778,108
ВЫИСКИВАТЬ,,778604,12713,108
НАЛАДИТЬ,,778604,85466,106
ОЗАРИТЬ,,778604,24453,106
МИНИРОВАТЬ,,778604,2704,106
СОЕДИНИТЬ,,778604,401173,105
РАЗДЕЛИТЬ,,778604,158291,104
ОСМОТРЕТЬ,,778604,150990,104
ВСПОМИНАТЬ,,778604,245184,103
ИЗБЕГАТЬ,,778604,94891,103
ЧУВСТВОВАТЬ,,778604,423116,102
ПРИКИДЫВАТЬ,,778604,8299,102
ОСВОБОДИТЬСЯ,,778604,50938,102
НАРИСОВАТЬ,,778604,110008,101
КОНЧИТЬСЯ,,778604,113644,100
ПРЕДПРИНЯТЬ,,778604,179942,100
ПРОСЛЕЖИВАТЬСЯ,,778604,14864,100
ПОПРОБОВАТЬ,,778604,67507,100
ДОБРАТЬСЯ,,778604,370154,99
ВЗРЫВАТЬ,,778604,16321,99
РАЗВИВАТЬСЯ,,778604,111021,98
ПРИНИМАТЬ,,778604,946204,98
ПРЕСЕЧЬ,,778604,36199,97
ПРОСТИРАТЬСЯ,,778604,42426,97
ПОЛУЧАТЬ,,778604,883886,96
МИНОВАТЬ,,778604,128490,96
РАСКРЫВАТЬ,,778604,58986,96
ОБЪЯСНИТЬ,,778604,367380,95
ОСУЩЕСТВИТЬ,,778604,167651,95
ВЫЙТИ,,778604,1529334,95
ПЛАНИРОВАТЬ,,778604,93842,95
ПРИХОДИТЬ,,778604,593265,95
ОБСЛЕДОВАТЬ,,778604,38841,95
БОЯТЬСЯ,,778604,360524,95
УЛОЖИТЬ,,778604,109937,95
ЗАКАНЧИВАТЬ,,778604,57384,94
РЕМОНТИРОВАТЬ,,778604,12718,94
НРАВИТЬСЯ,,778604,239917,94
ПРОРУБИТЬ,,778604,7223,93
УНИЧТОЖИТЬ,,778604,307259,93
ЛЕЧЬ,,778604,227433,93
ПУСТИТЬСЯ,,778604,51285,93
ЕХАТЬ,,778604,430641,93
НАРУШИТЬ,,778604,233899,92
ИЗЫСКАТЬ,,778604,6042,92
ПРОБИРАТЬСЯ,,778604,60779,91
НАМЕТИТЬСЯ,,778604,16989,90
ОСОЗНАТЬ,,778604,73864,90
ВЫХОДИТЬ,,778604,543652,90
ПОДОЙТИ,,778604,1011760,88
БЛАГОУСТРОИТЬ,,778604,1589,88
УСТАНОВИТЬСЯ,,778604,43190,88
ПРИЗНАТЬ,,778604,490285,86
ПРОДОЛЖИТЬСЯ,,778604,38735,86
ПЕРЕБЕГАТЬ,,778604,12444,86
ДОБАВИТЬ,,778604,974156,86
УТРАТИТЬ,,778604,140914,86
ДЛИТЬСЯ,,778604,56905,85
ПРОСЧИТАТЬ,,778604,11257,85
СВЯЗЫВАТЬ,,778604,95797,85
ПЕРЕНЕСТИ,,778604,203824,85
ОКОНЧИТЬСЯ,,778604,26475,85
ИЗОБРАЖАТЬ,,778604,90740,85
ОСМАТРИВАТЬ,,778604,61687,84
СВЕРШАТЬ,,778604,1477,84
ЗАМЕТИТЬ,,778604,1190242,84
РАЗГЛЯДЕТЬ,,778604,105941,84
ПОКРЫТЬ,,778604,387117,84
НАУЧИТЬСЯ,,778604,42058,83
ВОСПОЛЬЗОВАТЬСЯ,,778604,207683,83
ПОДДЕРЖИВАТЬ,,778604,390178,82
ОБОРУДОВАТЬ,,778604,132355,82
ВЫСМАТРИВАТЬ,,778604,9690,81
ПОСМОТРЕТЬ,,778604,1352306,81
ИЗБЕЖАТЬ,,778604,140162,81
ЗАДАТЬ,,778604,171688,81
ЗАВИСЕТЬ,,778604,343524,81
БЛИЗИТЬСЯ,,778604,30726,80
НАЗНАЧИТЬ,,778604,670905,80
РАЗДРАЖАТЬ,,778604,33799,80
УЧИТЬСЯ,,778604,234228,79
ПРОПОВЕДОВАТЬ,,778604,30645,79
ПОПАДАТЬ,,778604,249861,79
ПРЕДСТАВЛЯТЬСЯ,,778604,80678,78
УГАДЫВАТЬ,,778604,10581,78
ИСПОРТИТЬ,,778604,72425,78
ИЗМЕНЯТЬ,,778604,91455,78
ОБРИСОВАТЬ,,778604,17148,78
УСТРАИВАТЬ,,778604,208209,77
УВЕЛИЧИВАТЬСЯ,,778604,66410,77
РИСОВАТЬ,,778604,82786,77
ОКАЗЫВАТЬСЯ,,778604,230283,77
ЗАВЕРШАТЬСЯ,,778604,34312,76
ВЫВЕСТИ,,778604,259929,76
ПОСТИГАТЬ,,778604,17540,76
ПРОБОВАТЬ,,778604,33604,76
АНАЛИЗИРОВАТЬ,,778604,51921,75
УСТРОИТЬ,,778604,449237,75
ВЫНЕСТИ,,778604,231038,74
ПРОСЧИТЫВАТЬ,,778604,8245,74
ИЗОБИЛОВАТЬ,,778604,23871,74
ЗАМЕНИТЬ,,778604,201733,74
ВЫСТЛАТЬ,,778604,4719,74
СКОРОТАТЬ,,778604,5811,74
ПРЕВРАТИТЬСЯ,,778604,434499,74
ПРИСЛАТЬ,,778604,489919,73
РАЗРАБАТЫВАТЬ,,778604,69912,73
ОТСЕКАТЬ,,778604,6012,73
ЗАМЕЧАТЬ,,778604,157259,73
ОЦЕНИТЬ,,778604,254296,73
РАСКРЫТЬ,,778604,183977,72
УКОРАЧИВАТЬ,,778604,2032,71
ПРЕДУСМАТРИВАТЬ,,778604,226292,71
ИЗЛОЖИТЬ,,778604,104248,71
ОТСЕЧЬ,,778604,10572,71
ОПУБЛИКОВАТЬ,,778604,520688,71
ПРОПИСЫВАТЬ,,778604,5104,71
ЗАХВАТИТЬ,,778604,332524,71
ПЕРЕБЕЖАТЬ,,778604,16684,71
СТЕРЕЧЬ,,778604,8600,70
ИЗМЕНИТЬСЯ,,778604,128366,70
ПОРАЖАТЬ,,778604,56086,69
РАССЧИТЫВАТЬ,,778604,153049,69
СКРЕСТИТЬСЯ,,778604,4686,69
ОБОРВАТЬ,,778604,43851,69
УЗРЕТЬ,,778604,17645,68
ОСУЩЕСТВЛЯТЬСЯ,,778604,287106,68
ПОСЛЕДОВАТЬ,,778604,238476,68
СПРЯМЛЯТЬ,,778604,242,67
ЗАПЕРЕТЬ,,778604,147182,67
ОТХОДИТЬ,,778604,73562,67
НАПРАВЛЯТЬСЯ,,778604,143816,66
ЗАЛОЖИТЬ,,778604,241074,66
ПОДВЕСТИ,,778604,170584,66
ОТСУТСТВОВАТЬ,,778604,156019,66
УСТУПИТЬ,,778604,110607,66
ПЕРЕКРЕЩИВАТЬСЯ,,778604,1234,66
ВЫВОДИТЬ,,778604,81132,66
ЗАТРУДНИТЬ,,778604,23014,65
ПРОРЕЗАТЬ,,778604,35021,65
ПРИДУМЫВАТЬ,,778604,32265,65
ИСЧЕРПАТЬ,,778604,22217,65
БЛАГОСЛОВИТЬ,,778604,21275,64
ОБНОВИТЬ,,778604,44968,64
ОТРИЦАТЬ,,778604,71839,64
ПРОИСХОДИТЬ,,778604,596752,64
ПРИГОТОВЛЯТЬ,,778604,5236,64
ОБЪЯСНЯТЬ,,778604,167559,64
РЕКОМЕНДОВАТЬ,,778604,116705,63
УСТАНАВЛИВАТЬ,,778604,152402,63
РАЗЫСКИВАТЬ,,778604,27434,63
ЛИШИТЬСЯ,,778604,166332,63
ОЖИДАТЬ,,778604,340622,63
ЗАСТУПАТЬ,,778604,4605,63
УДЛИНЯТЬСЯ,,778604,1894,63
ОБРЫВАТЬСЯ,,778604,13849,63
РАЗВЕТВЛЯТЬСЯ,,778604,2009,62
ПЕРЕСЛАТЬ,,778604,118226,62
ПОДГОТАВЛИВАТЬ,,778604,11182,62
РАЗДЕЛЯТЬ,,778604,109760,62
ВОЗНИКНУТЬ,,778604,564886,61
ИЗМЕРИТЬ,,778604,28918,61
ПОКИДАТЬ,,778604,208228,61
ПЕРЕЖИТЬ,,778604,111233,61
УВЕЛИЧИВАТЬ,,778604,97669,61
УСТАНАВЛИВАТЬСЯ,,778604,122272,61
УГАДАТЬ,,778604,25703,61
ОБРЕТАТЬ,,778604,57334,60
БЕЖАТЬ,,778604,320230,60
ЗАСЛОНИТЬ,,778604,14731,60
РЕАЛИЗОВАТЬ,,778604,164444,60
ПРЕВРАЩАТЬ,,778604,57851,60
ПРАВИТЬ,,778604,68101,60
ПРОБЕЖАТЬ,,778604,139458,60
ВЫГЛЯДЕТЬ,,778604,217511,60
КАСАТЬСЯ,,778604,174217,60
ФОРМИРОВАТЬ,,778604,96147,58
ПРОЛЕТЕТЬ,,778604,58360,58
РАЗЛИЧАТЬ,,778604,49749,58
ВИТЬСЯ,,778604,38127,58
РАСПОЛАГАТЬСЯ,,778604,280304,58
НАБЛЮДАТЬ,,778604,308813,58
УЗНАВАТЬ,,778604,35924,58
ПОЗВОЛИТЬ,,778604,288075,58
ПРОДЕМОНСТРИРОВАТЬ,,778604,136681,58
ОТПРАВИТЬСЯ,,778604,724410,58
ПРОЩУПЫВАТЬ,,778604,5047,58
ЗАМИНИРОВАТЬ,,778604,3542,58
ПРЕДОСТАВИТЬ,,778604,329316,57
СОБЛЮДАТЬ,,778604,79803,57
ПРИОБРЕСТИ,,778604,335547,57
СЛОЖИТЬ,,778604,210016,57
ЗАЩИТИТЬ,,778604,176739,57
ВОЗВРАЩАТЬ,,778604,64269,57
ИСЧЕЗНУТЬ,,778604,333208,57
ОЧЕРТИТЬ,,778604,15572,57
СОКРАЩАТЬСЯ,,778604,16663,57
ИЗВРАТИТЬ,,778604,4463,57
ДЕМОНСТРИРОВАТЬ,,778604,115870,56
РАСПИСАТЬ,,778604,39283,56
ПЕРЕЕХАТЬ,,778604,115153,56
ЗАМЕСТИ,,778604,13295,56
СТОИТЬ,,778604,915164,56
ИНТЕРЕСОВАТЬ,,778604,93996,56
ОПРЕДЕЛИТЬСЯ,,778604,54844,55
ЗАГРОМОЖДАТЬ,,778604,3559,55
ВЫБИРАТЬСЯ,,778604,35836,55
ОТЛИЧАТЬСЯ,,778604,475656,55
УКОРОТИТЬ,,778604,4822,55
КОРОТАТЬ,,778604,13499,55
СКРЫТЬ,,778604,163551,55
ОБХОДИТЬ,,778604,48589,55
ПРОЧИСТИТЬ,,778604,19556,55
ВЫДЕЛИТЬ,,778604,259457,55
РАСШИРЯТЬ,,778604,41394,55
СИЯТЬ,,778604,93314,54
РЕКОНСТРУИРОВАТЬ,,778604,14799,54
ПЕТЛЯТЬ,,778604,10071,54
УДЛИНИТЬСЯ,,778604,1592,54
ОЩУПЫВАТЬ,,778604,14188,54
ПРОЧИЩАТЬ,,778604,4244,53
ЗАСЛОНЯТЬ,,778604,10142,53
СКРАСИТЬ,,778604,4288,53
ПРЕСЕКАТЬ,,778604,6652,53
ИЗБАВИТЬСЯ,,778604,126845,53
ПЕРЕДАТЬ,,778604,696663,53
ОБОЙТИСЬ,,778604,170455,53
ПОМЕТИТЬ,,778604,23506,53
ОБДУМАТЬ,,778604,11886,53
ОЛИЦЕТВОРЯТЬ,,778604,17909,53
ЗАНЕСТИ,,778604,79974,52
МЕНЯТЬСЯ,,778604,112631,52
ОБОЗНАЧАТЬСЯ,,778604,16363,52
ПОЛУЧИТЬСЯ,,778604,124749,52
ОДОБРЯТЬ,,778604,40755,52
МОСТИТЬ,,778604,2700,52
УМЕНЬШАТЬ,,778604,51499,52
ПРИКРЫТЬ,,778604,204318,52
СОВПАДАТЬ,,778604,133874,51
ЗАТОПИТЬ,,778604,37241,51
СОБИРАТЬСЯ,,778604,249938,51
ДУМАТЬ,,778604,575903,50
ПРЕДВИДЕТЬ,,778604,24981,50
СВЕРШИТЬ,,778604,4692,50
ВЫПОЛНИТЬ,,778604,932395,50
ОБЖЕЧЬ,,778604,30770,50
ОБЕЩАТЬ,,778604,175179,50
ДАВАТЬСЯ,,778604,88707,50
ПРОСМАТРИВАТЬСЯ,,778604,19843,49
ОТРАЗИТЬ,,778604,94090,49
ЗАКРЫВАТЬСЯ,,778604,39535,49
ОХАРАКТЕРИЗОВАТЬ,,778604,55113,49
СОКРАТИТЬСЯ,,778604,29091,49
ПРОТЕКАТЬ,,778604,67791,49
ОТСТАИВАТЬ,,778604,26157,49
ЗАКРЫТЬСЯ,,778604,96517,49
УТОЧНИТЬ,,778604,215427,49
ПРОДЛИТЬ,,778604,77285,49
УСКОРИТЬ,,778604,76602,48
ОБРАЗОВАТЬСЯ,,778604,199953,48
БРАТЬ,,778604,449883,48
ОСУЩЕСТВЛЯТЬ,,778604,292921,48
УКРАСИТЬ,,778604,173138,48
ПЕРЕКРЫВАТЬСЯ,,778604,4742,48
ПРЕРВАТЬСЯ,,778604,23587,47
ОСВАИВАТЬ,,778604,23229,47
РАССТИЛАТЬСЯ,,778604,15328,47
ОБЕЗОПАСИТЬ,,778604,6376,47
ПРОЧЕРЧИВАТЬ,,778604,1515,47
БЛЕСТЕТЬ,,778604,79870,47
СОЕДИНЯТЬ,,778604,39531,47
ЗАПИСАТЬ,,778604,213677,47
ИЗМЕРЯТЬ,,778604,37838,47
РАСКИНУТЬСЯ,,778604,32500,47
ВЫСТРОИТЬ,,778604,80615,47
СЫСКАТЬ,,778604,7672,47
РАЗБИТЬ,,778604,202768,46
СОПРОВОЖДАТЬСЯ,,778604,112793,46
ПРЕВРАТИТЬ,,778604,161883,46
ПРЕДОСТАВЛЯТЬ,,778604,167526,46
СФОРМУЛИРОВАТЬ,,778604,64495,46
ПРЕРЫВАТЬ,,778604,27319,46
ДВИНУТЬСЯ,,778604,250690,46
ПРОСМАТРИВАТЬ,,778604,40779,46
ОДОЛЕВАТЬ,,778604,13588,46
ИСКЛЮЧАТЬ,,778604,136877,46
ВОЗВРАЩАТЬСЯ,,778604,391234,46
КАЗАТЬ,,778604,6170,46
РАСШИРИТЬ,,778604,97048,45
СВЕТИТЬСЯ,,778604,92826,45
ПОДРЫВАТЬ,,778604,20751,45
НАЧЕРТИТЬ,,778604,12592,45
ПОЗВОЛЯТЬ,,778604,295113,45
СОСТАВИТЬ,,778604,497277,45
РАСТЯНУТЬСЯ,,778604,49368,45
УЙТИ,,778604,626486,45
ОГРАНИЧИТЬ,,778604,156833,45
ПОЯВЛЯТЬСЯ,,778604,440146,45
СОХРАНЯТЬ,,778604,174965,45
УВОДИТЬ,,778604,20663,45
РАСЧИЩАТЬСЯ,,778604,578,45
СОВЕРШАТЬСЯ,,778604,53220,45
СТРОИТЬСЯ,,778604,86868,44
ВХОДИТЬ,,778604,780476,44
СТРЕМИТЬСЯ,,778604,134257,44
ПОЧИНИТЬ,,778604,13534,44
ОТМЕЧАТЬСЯ,,778604,258799,44
ЧЕРТИТЬ,,778604,14209,44
ОЦЕНИВАТЬ,,778604,114033,44
ПРОВОДИТЬ,,778604,1208004,43
АКТИВИРОВАТЬ,,778604,31111,43
ТРЕБОВАТЬСЯ,,778604,347350,43
ЗАБЫВАТЬ,,778604,108962,43
ПОСТАВИТЬ,,778604,1143275,43
СКАЗАТЬ,,778604,7659823,43
УБРАТЬ,,778604,255987,42
РАЗМЫТЬ,,778604,6224,42
ПРОТОРЯТЬ,,778604,72,42
СТОРОЖИТЬ,,778604,9631,42
СМЕНИТЬ,,778604,197293,42
ОБРЕЗАТЬ,,778604,19264,42
СТОЛКНУТЬСЯ,,778604,214232,42
ЗАЛИТЬ,,778604,179129,42
ДЕЛИТЬ,,778604,67389,42
ПРАКТИКОВАТЬ,,778604,21355,42
ИСПРОБОВАТЬ,,778604,5547,42
ЗАПУТАТЬ,,778604,8269,42
ИССЛЕДОВАТЬСЯ,,778604,9196,41
ВЫДАТЬСЯ,,778604,18750,41
ТЕЧЬ,,778604,135751,41
ДОБИТЬСЯ,,778604,274505,41
МЕТИТЬ,,778604,7670,41
УВЕЛИЧИТЬ,,778604,219999,41
ПОДГОТОВЛЯТЬ,,778604,2800,41
ЧИНИТЬ,,778604,26079,41
СООРУДИТЬ,,778604,59821,41
СРАВНИВАТЬ,,778604,66401,41
ОБЕСТОЧИТЬ,,778604,5991,41
ПЕРЕПУТАТЬ,,778604,27477,41
СФОРМИРОВАТЬ,,778604,160275,40
РАЗМЕТИТЬ,,778604,3870,40
ПОВЕСТИ,,778604,159705,40
ДАТЬСЯ,,778604,9156,40
СКРЫВАТЬ,,778604,111182,40
ОТРАЖАТЬСЯ,,778604,86637,40
ПОРАЗИТЬ,,778604,166010,40
СПРОСИТЬ,,778604,941901,40
ИСКРИВЛЯТЬ,,778604,1151,40
ПОЛУЧАТЬСЯ,,778604,107065,40
ИЗОБРЕТАТЬ,,778604,13162,39
ОСВЕЩАТЬСЯ,,778604,15115,39
ВЫСТРАИВАТЬ,,778604,18604,39
ПОДСВЕЧИВАТЬ,,778604,2516,39
ЗАСОРЯТЬ,,778604,3982,39
ЗАФИКСИРОВАТЬ,,778604,248690,39
СДЕЛАТЬСЯ,,778604,91577,39
ЗАПИРАТЬ,,778604,23553,38
СУЛИТЬ,,778604,31029,38
РАЗДВАИВАТЬСЯ,,778604,2120,38
СОПРЯЧЬ,,778604,47880,38
ВИДЕТЬСЯ,,778604,43646,38
ВЫСЛЕДИТЬ,,778604,8306,38
ПАТРУЛИРОВАТЬ,,778604,12531,38
ПАРАЛИЗОВАТЬ,,778604,32592,38
ПРОГРЫЗТЬ,,778604,2332,38
УПРАВЛЯТЬ,,778604,190940,38
ПОДРАЗУМЕВАТЬ,,778604,76865,38
ДЕЛИТЬСЯ,,778604,122269,38
ВЫЯСНЯТЬ,,778604,33868,38
ОТНОСИТЬ,,778604,847578,38
ВЫЧЕРТИТЬ,,778604,3239,37
ДОВЕСТИ,,778604,146992,37
ОТОБРАЖАТЬ,,778604,14918,37
ПОРТИТЬ,,778604,57649,37
ПРОРАБОТАТЬ,,778604,38402,37
ПРОСКОЧИТЬ,,778604,29636,37
ПЕРЕХВАТЫВАТЬ,,778604,15714,37
ВЫЧИСЛЯТЬ,,778604,13903,37
НАЛАЖИВАТЬ,,778604,13358,37
СРАВНИТЬ,,778604,96794,37
ДОСТИГАТЬ,,778604,120802,37
ОКАНЧИВАТЬСЯ,,778604,10857,37
ПРИНАДЛЕЖАТЬ,,778604,443654,37
ОСНОВАТЬ,,778604,407746,36
ОТПАДАТЬ,,778604,10666,36
ВЫЛОЖИТЬ,,778604,140371,36
ВОЗНИКАТЬ,,778604,409064,36
УЧИТЫВАТЬ,,778604,75741,36
ПЕРЕДАВАТЬСЯ,,778604,86177,36
РАЗБОМБИТЬ,,778604,6150,36
ИСПРАВЛЯТЬ,,778604,12732,36
СЧИТАТЬСЯ,,778604,334745,36
ЗАМЕТАТЬ,,778604,6269,35
ПРЕДСКАЗАТЬ,,778604,32449,35
МЕРЦАТЬ,,778604,39650,35
ЧИСТИТЬ,,778604,53487,35
ПРОНИКНУТЬ,,778604,139441,35
ПОВЕРНУТЬ,,778604,338031,35
ГАРАНТИРОВАТЬ,,778604,124526,35
ПРОЕЗЖАТЬ,,778604,38006,35
ВСТРЕЧАТЬСЯ,,778604,327325,35
ОБЛАДАТЬ,,778604,556026,35
РАЗЫСКАТЬ,,778604,40465,35
ЗАМКНУТЬСЯ,,778604,11657,35
ДЕЛАТЬСЯ,,778604,103013,35
ДОХОДИТЬ,,778604,79354,35
ПРОРЫТЬ,,778604,7912,35
ИЗЫСКИВАТЬСЯ,,778604,405,35
ВВОДИТЬ,,778604,184603,35
КОНКРЕТИЗИРОВАТЬ,,778604,5418,35
УЛУЧШИТЬ,,778604,78797,35
БРОДИТЬ,,778604,142967,34
ЗАПОЛНИТЬ,,778604,198689,34
ОСМЫСЛИТЬ,,778604,8998,34
ЗАСТАВИТЬ,,778604,251564,34
ПРОТИВОРЕЧИТЬ,,778604,83227,34
ХАРАКТЕРИЗОВАТЬ,,778604,31973,34
ХВАТАТЬ,,778604,611205,34
ОЧИСТИТЬСЯ,,778604,10489,34
ВОЗОБНОВЛЯТЬ,,778604,10469,34
ИГРАТЬ,,778604,918112,34
СПЛАНИРОВАТЬ,,778604,17661,33
ОТРИНУТЬ,,778604,4801,33
ЗАБИВАТЬ,,778604,24972,33
ОСВОБОЖДАТЬСЯ,,778604,30367,33
СТЛАТЬСЯ,,778604,8564,33
ЗАМЕДЛИТЬ,,778604,67560,33
ДОБЫТЬ,,778604,51894,33
ВЫЯВЛЯТЬ,,778604,22506,33
РЕШАТЬСЯ,,778604,87417,33
УТЕРЯТЬ,,778604,15982,33
ХРАНИТЬСЯ,,778604,149248,33
ОПЛАТИТЬ,,778604,67266,33
ЗАКЛЮЧИТЬ,,778604,538655,33
ПРЕЗИРАТЬ,,778604,27919,33
ПРЕКРАТИТЬ,,778604,242170,33
ЗАШИФРОВАТЬ,,778604,8415,33
СКЛАДЫВАТЬСЯ,,778604,78465,32
ПРОСМОТРЕТЬ,,778604,46453,32
РАСКРЫВАТЬСЯ,,778604,26504,32
СНИТЬСЯ,,778604,44952,32
ПРОРАБАТЫВАТЬ,,778604,7476,32
ПИСАТЬ,,778604,941379,32
ИЗОБРЕСТИ,,778604,65181,32
ПРОБЕГАТЬ,,778604,34483,32
ПРИХОДИТЬСЯ,,778604,114547,32
СОТВОРИТЬ,,778604,65973,32
ПОЧУВСТВОВАТЬ,,778604,475425,32
РАСЧИСТИТЬСЯ,,778604,689,32
ПОЕХАТЬ,,778604,363133,32
ПРЕДОПРЕДЕЛЯТЬ,,778604,4784,32
ИЗВИВАТЬСЯ,,778604,17317,32
ОБУСТРОИТЬ,,778604,15188,32
НАРУШАТЬ,,778604,132657,32
ОБЪЯВИТЬ,,778604,938139,32
ПЕРЕМЕНИТЬ,,778604,32424,32
ОЗНАЧИТЬ,,778604,2055,32
ДОСТИГАТЬСЯ,,778604,62468,31
ПОТРЕБОВАТЬ,,778604,239412,31
БРОСИТЬ,,778604,815888,31
СТАРАТЬСЯ,,778604,54205,31
ЗАМЕДЛЯТЬ,,778604,23705,31
ВОССОЗДАТЬ,,778604,22298,31
ЗАСЫПАТЬ,,778604,74921,31
ЗАДЕЙСТВОВАТЬ,,778604,103636,31
ПРИНЕСТИ,,778604,560886,31
ИЗВРАЩАТЬ,,778604,2345,31
ЛИШИТЬ,,778604,163428,31
СОЗДАВАТЬСЯ,,778604,155785,31
ПЕРЕЧИСЛИТЬ,,778604,68462,30
РОВНЯТЬ,,778604,1365,30
ИЗВЕДАТЬ,,778604,4316,30
УПРОСТИТЬ,,778604,27969,30
РАЗБЛОКИРОВАТЬ,,778604,6351,30
ВЕРНУТЬСЯ,,778604,1351676,30
СОЕДИНЯТЬСЯ,,778604,43343,30
ОВЛАДЕТЬ,,778604,106347,30
ОСЛОЖНИТЬ,,778604,12564,30
ВЫСВЕЧИВАТЬ,,778604,4465,30
ВЕРНУТЬ,,778604,238989,30
ОБРУБИТЬ,,778604,4926,30
УТОМИТЬ,,778604,6446,30
ГОВОРИТЬ,,778604,2673665,30
ВРЕЗАТЬ,,778604,19089,30
ОГЛЯДЕТЬ,,778604,108133,30
УГРОЖАТЬ,,778604,96908,30
ЧУЯТЬ,,778604,27283,30
СОСРЕДОТОЧИТЬ,,778604,152236,29
НАПИСАТЬ,,778604,995391,29
ПРОТОПТАТЬ,,778604,3835,29
СНАБДИТЬ,,778604,264353,29
ЗАКУПОРИТЬ,,778604,4742,29
ОТРАБАТЫВАТЬ,,778604,23821,29
БОМБИТЬ,,778604,15568,29
СПОСОБСТВОВАТЬ,,778604,341770,29
ПОМЕНЯТЬ,,778604,72163,29
ВЫДЕРЖИВАТЬ,,778604,75026,29
РАСШИРЯТЬСЯ,,778604,21389,29
ОБСЛУЖИВАТЬ,,778604,33186,29
ПОНАДОБИТЬСЯ,,778604,140661,29
СКРЫВАТЬСЯ,,778604,128616,29
НАПРАВИТЬСЯ,,778604,367004,29
ДОСТАВИТЬ,,778604,397753,29
УПИРАТЬСЯ,,778604,49345,29
ЕСТЬ,,778604,149850,29
НАЗНАЧАТЬ,,778604,54342,29
ПРОШАГАТЬ,,778604,6657,29
НАВЯЗЫВАТЬ,,778604,13069,29
ПОМЯТЬ,,778604,42357,29
ИСПЫТАТЬ,,778604,165803,29
ПРОДВИГАТЬСЯ,,778604,35610,29
БЛУЖДАТЬ,,778604,31841,29
ВОЗРОДИТЬ,,778604,18011,28
ОКРУЖАТЬ,,778604,55644,28
УСМАТРИВАТЬ,,778604,16601,28
ПОДНИМАТЬСЯ,,778604,295650,28
СТРАШИТЬ,,778604,8988,28
СВЕСТИ,,778604,113240,28
СОДЕРЖАТЬСЯ,,778604,178437,28
ОХРАНЯТЬСЯ,,778604,11843,28
ПРИБЛИЖАТЬСЯ,,778604,195568,28
ВЕНЧАТЬ,,778604,13308,28
УСКОРЯТЬ,,778604,26285,28
ОТОБРАЖАТЬСЯ,,778604,18268,28
РАЗРЕШИТЬ,,778604,161018,28
СЧЕСТЬ,,778604,79169,28
ПРИЗНАВАТЬ,,778604,46974,28
ВЫПРЯМИТЬ,,778604,14425,28
ТЕРЯТЬСЯ,,778604,51290,28
ПОМОЧЬ,,778604,320253,28
ДАРОВАТЬ,,778604,43197,28
ПРОБРАТЬСЯ,,778604,56941,28
ВЫСТИЛАТЬ,,778604,1056,27
АТАКОВАТЬ,,778604,117698,27
ЗАБРОСИТЬ,,778604,53826,27
РЕШАТЬ,,778604,140993,27
НЕНАВИДЕТЬ,,778604,110394,27
СКРАШИВАТЬ,,778604,2887,27
УКЛАДЫВАТЬ,,778604,34903,27
ПРЕДШЕСТВОВАТЬ,,778604,38730,27
ПРИВЛЕКАТЬ,,778604,150787,27
ОСТАНОВИТЬ,,778604,337462,27
НАСТРОИТЬ,,778604,120395,26
СЛУШАТЬ,,778604,295704,26
ИЗЛАГАТЬ,,778604,21789,26
СОПРОВОЖДАТЬ,,778604,75896,26
БЕРЕЧЬ,,778604,32453,26
ПОДДЕРЖАТЬ,,778604,306969,26
ПЕРЕПЛЕТАТЬСЯ,,778604,9538,26
УТВЕРЖДАТЬ,,778604,212801,26
ИСКЛЮЧАТЬСЯ,,778604,25352,26
ПОЗАБЫТЬ,,778604,21510,26
РАЗДЕЛЯТЬСЯ,,778604,15916,26
ПРИИМАТЬ,,778604,22278,26
ПРОГРЫЗАТЬ,,778604,1224,26
ВЫБРАТЬСЯ,,778604,91222,26
ПРОНИКАТЬ,,778604,95510,26
РАЗВИТЬ,,778604,65195,26
УМЕНЬШИТЬ,,778604,75347,26
СУЖАТЬСЯ,,778604,7050,26
ИЗУЧАТЬСЯ,,778604,15481,26
РАЗОРВАТЬ,,778604,117857,26
УНИЧТОЖАТЬ,,778604,56864,26
ВЫРИСОВЫВАТЬСЯ,,778604,18717,26
ЛЕТЕТЬ,,778604,233316,26
ПРОВОЗГЛАСИТЬ,,778604,77763,26
ПОМЕЧАТЬ,,778604,2841,25
ОТРАЗИТЬСЯ,,778604,124569,25
ФОРМИРОВАТЬСЯ,,778604,85377,25
ОТРАБОТАТЬ,,778604,44492,25
ВСТРЕТИТЬСЯ,,778604,443509,25
ПРОЖИГАТЬ,,778604,6267,25
ЯВИТЬСЯ,,778604,321602,25
УКРАШАТЬ,,778604,70039,25
ДОБИВАТЬСЯ,,778604,92409,25
ВЛАДЕТЬ,,778604,210221,25
ВЫРАБАТЫВАТЬ,,778604,25708,25
ВЫУЧИТЬ,,778604,25404,25
ВЫВЕДАТЬ,,778604,4111,25
ВЫДЕЛЯТЬСЯ,,778604,91981,25
ЭЛЕКТРИФИЦИРОВАТЬ,,778604,1090,25
ОТБРОСИТЬ,,778604,123750,25
ПРОДЛИТЬСЯ,,778604,31019,25
СНЯТЬ,,778604,861454,25
РАЗВИВАТЬ,,778604,101608,25
ФУНКЦИОНИРОВАТЬ,,778604,31989,25
ИСЧЕЗАТЬ,,778604,81175,25
ИСКАЖАТЬ,,778604,16651,24
СТРАШИТЬСЯ,,778604,15199,24
ВЕЛЕТЬ,,778604,111949,24
ПОЛОЖИТЬ,,778604,827566,24
КОРРЕКТИРОВАТЬ,,778604,12847,24
ВЫВОДИТЬСЯ,,778604,21339,24
ВОСПРОИЗВОДИТЬ,,778604,28173,24
ПЕРЕЕЗЖАТЬ,,778604,21868,24
ВОСПРИНЯТЬ,,778604,92504,24
СУДИТЬ,,778604,132144,24
ИЗГИБАТЬСЯ,,778604,7592,24
ЗАКРЕПИТЬ,,778604,211364,24
ПОЗНАВАТЬ,,778604,5922,24
ОТМЕРИТЬ,,778604,5171,24
СВЕРЯТЬ,,778604,86397,24
ПРЕДУГАДАТЬ,,778604,5887,24
РАЗРАБАТЫВАТЬСЯ,,778604,36080,24
ПРЕВРАЩАТЬСЯ,,778604,178349,24
ОТРЕЗАТЬСЯ,,778604,660,24
ПРОТАПТЫВАТЬ,,778604,642,24
ЗАТЯНУТЬСЯ,,778604,42955,23
КРЫТЬСЯ,,778604,36539,23
ПРОЯСНИТЬ,,778604,16943,23
РАСПРОСТРАНЯТЬСЯ,,778604,100328,23
ОТМЕРЯТЬ,,778604,3710,23
ОХВАТЫВАТЬ,,778604,55110,23
СВЕРНУТЬ,,778604,165271,23
ПЕРЕВЕСТИ,,778604,510995,23
СКРЕСТИТЬ,,778604,55139,23
ИЛЛЮСТРИРОВАТЬ,,778604,21305,23
МЕРИТЬ,,778604,8267,23
ПУСКАТЬСЯ,,778604,22631,23
УПУСТИТЬ,,778604,87012,23
ПРЕПЯТСТВОВАТЬ,,778604,84165,23
ДОПУСТИТЬ,,778604,342029,23
СОХРАНИТЬСЯ,,778604,125151,23
ДОЙТИ,,778604,207410,23
ОБЕСПЕЧИВАТЬСЯ,,778604,70494,23
ПОДТВЕРДИТЬ,,778604,499371,23
РАЗМЕЧАТЬ,,778604,1394,23
ИСКЛЮЧИТЬ,,778604,132180,23
ДОВЕРЯТЬ,,778604,108155,22
ОТНЯТЬ,,778604,63945,22
СМЕСТИТЬСЯ,,778604,9142,22
ПРЕОБЛАДАТЬ,,778604,47094,22
ОГРАНИЧИВАТЬ,,778604,48860,22
ЗАНОСИТЬ,,778604,17078,22
ОБУСЛОВИТЬ,,778604,174986,22
ДОБАВЛЯТЬ,,778604,176404,22
УРАЗУМЕТЬ,,778604,3436,22
ПОРАЖАТЬСЯ,,778604,11994,22
ОТДЕЛЯТЬ,,778604,40121,22
СТРУИТЬСЯ,,778604,40652,22
ВЫСВЕТИТЬ,,778604,8579,22
ПОДРЕЗАТЬ,,778604,9838,22
ЗАСТИТЬ,,778604,1821,22
ПРЕРЫВАТЬСЯ,,778604,13744,21
ПОТЯНУТЬСЯ,,778604,181638,21
КОНЧАТЬ,,778604,31736,21
ТОПТАТЬ,,778604,15024,21
ПОКАЗЫВАТЬСЯ,,778604,40235,21
НЕСТИ,,778604,436910,21
РАБОТАТЬ,,778604,1593272,21
ИЗБИРАТЬСЯ,,778604,26546,21
НАПОЛНИТЬ,,778604,214691,21
УСЛОЖНИТЬ,,778604,7482,21
РАССКАЗАТЬ,,778604,905982,21
РАЗУЗНАТЬ,,778604,6344,21
ИЗВОЛИТЬ,,778604,3238,21
ЗАХВАТЫВАТЬ,,778604,46358,21
ПРОКОПАТЬ,,778604,2072,21
ПРОЗРЕТЬ,,778604,1734,21
ПРЕДСКАЗЫВАТЬ,,778604,24490,21
ВЫДАТЬ,,778604,237631,21
ОТВОРИТЬ,,778604,38626,21
ПРЯТАТЬ,,778604,82590,21
ЗАВОЕВАТЬ,,778604,127212,21
ИМИТИРОВАТЬ,,778604,20610,21
ПРИДТИСЬ,,778604,48702,21
ПОНРАВИТЬСЯ,,778604,186457,21
УКЛАДЫВАТЬСЯ,,778604,56197,21
УТВЕРДИТЬ,,778604,215410,21
